kundenummer;fname;ename;epost;tlf;postnummer
1;Mira;Keller;biv-ikacore81@outlook.com;3816128043;3530
2;Johan;Duke;kosidu-dori30@hotmail.com;4762614010;3530
3;London;Cunningham;fadal_acize96@gmail.com;5576433285;3530
4;Claire;Melton;leciy-ejuka9@aol.com;9153542265;3530
5;Kareem;Garrison;mes_ozogasu99@outlook.com;6997949084;3530
6;Kyler;Ferrell;leh-osucuko31@mail.com;2266909939;3530
7;Camryn;Carver;sayeru_vuru32@aol.com;3135307725;3530
8;Edith;Campbell;xikide_bebo26@yahoo.com;9924509590;3530
9;Reed;Glover;vigowe-jepe60@hotmail.com;3854671000;3530
10;Cailyn;Hobbs;vadot-apuwe65@mail.com;7109785329;3530
11;Jade;Mosley;bose_wituwu7@aol.com;8297933744;3530
12;Deandre;Daugherty;suru-wonocu12@outlook.com;3174116246;3530
13;Dallas;Pruitt;ram_efexopa73@yahoo.com;5624299561;3530
14;Makhi;Robertson;yohec-orevo83@aol.com;5894865145;3530
15;Mark;Walsh;xitimu_xele44@yahoo.com;7024671819;3530
16;Kamden;Black;vofar_akohi45@yahoo.com;2493584096;3530
17;Andrew;Hale;yafog-onuwa16@mail.com;5708809048;3530
18;Katelynn;Odom;hikoled_usu89@outlook.com;3258537560;3530
19;Francisco;Dalton;meyi_voleji61@outlook.com;9258901177;3530
20;Esther;Davenport;deboy-asuji8@outlook.com;4344092897;3530
21;Tommy;Beltran;zuhunef_iju75@yahoo.com;2659281112;3530
22;Aedan;Pennington;kaz-agucopu13@gmail.com;7972177992;3530
23;Daniela;Foley;jogogu-zejo44@outlook.com;7588397545;3530
24;Kolten;Kerr;vay_agiyifu24@hotmail.com;6542543582;3530
25;Junior;Cunningham;tigot_ejane1@yahoo.com;2789853086;3530
26;Daniella;Coleman;tamohul_uhi94@hotmail.com;2249285633;3530
27;Shelby;Boyd;megire_lija76@yahoo.com;4132839869;3530
28;Patience;Choi;nosekis_avu99@yahoo.com;4737408100;3530
29;Weston;Wolfe;yuna-bopugi67@outlook.com;3427302001;3530
30;Natalia;Tate;piveyet-abi9@gmail.com;4092681000;3530
31;Monserrat;Weiss;pacode_ducu8@outlook.com;5216416444;3530
32;Lennon;Macdonald;mirilev_ipo28@mail.com;6379847163;3530
33;Alina;Mueller;xuluv_atina17@yahoo.com;6003975340;3530
34;Giancarlo;Matthews;feseva_waro86@hotmail.com;3655371677;3530
35;Martin;Phelps;xuwuxaj-una59@gmail.com;5017630339;3530
36;Ronald;Mcintosh;nawadad_oxu44@mail.com;9916215294;3530
37;Lena;Joseph;yas_utizima94@aol.com;7212189792;3530
38;Taylor;Avery;biv-awiluda78@aol.com;2408616353;3530
39;Jadon;Hoffman;fituwed-uyo2@hotmail.com;2788666802;3530
40;Ben;Sutton;tuzokur_ofo76@hotmail.com;4275614730;3530
41;Jadyn;Fowler;peguy-elasi15@mail.com;7852896990;3530
42;Alexis;Bartlett;goce-limove32@hotmail.com;6655714137;3530
43;Cristina;Ponce;pokij_ebuze19@mail.com;8157488046;3530
44;Lindsey;Wilkerson;gil_ezifimi98@yahoo.com;2136129945;3530
45;Ximena;Marsh;rej-unocaye23@outlook.com;8114935140;3530
46;Braxton;Hoover;gex-apeyoze24@aol.com;8347295341;3530
47;Quinn;Ray;fomika_luya76@mail.com;6836840014;3530
48;Gerald;Cummings;sebef_ejoke47@outlook.com;8265131634;3530
49;Halle;Snow;nofo-lobezu65@gmail.com;3785448670;3530
50;Kristin;Ford;kuhokov_opu57@aol.com;5696982523;3530
51;Londyn;Solomon;cem-ujuhobe50@mail.com;4816275475;3530
52;Khloe;Hardy;tupezim-ixu51@outlook.com;4306800196;3530
53;Rowan;Ruiz;zezu_fejide66@yahoo.com;2827107268;3530
54;Terrell;Petty;wuliyuc-ajo63@gmail.com;6589986443;3530
55;Ian;Gilbert;soru-mafoma21@outlook.com;8518672232;3530
56;Asa;Hunt;kavovor_ugo29@outlook.com;7017519580;3530
57;Rodolfo;Russell;laf_uwojeve15@hotmail.com;5887665325;3530
58;Jamal;Berg;rog_ivaseje69@mail.com;5972583737;3530
59;Jermaine;Herring;gaci_pidame24@hotmail.com;7437405229;3530
60;Rodrigo;Acosta;bafe-hezame69@aol.com;7516324048;3530
61;Aubrey;Gibbs;tux-isocola54@hotmail.com;5689880477;3530
62;Donna;Duke;wewemu-nalu88@aol.com;5603588652;3530
63;Mariah;Ewing;tejob_asebu43@hotmail.com;8907288792;3530
64;Amelie;Burch;wuruh-owace48@mail.com;5719669627;3530
65;Aaden;Glover;wawo-kefani89@hotmail.com;4474414440;3530
66;Laney;Horne;vipawe_besi60@mail.com;2607685440;3530
67;Hanna;Shaffer;vop-abuyizi23@yahoo.com;2718618390;3530
68;Chase;Schmitt;pos-ovuhoxo44@aol.com;7898372671;3530
69;Maleah;Shannon;zuweheg_azi77@aol.com;9327931271;3530
70;Sage;Stewart;welivig-ogo16@gmail.com;9153304695;3530
71;Naomi;Bender;nazo_kaguji49@yahoo.com;9538684736;3530
72;Georgia;Mclean;zoxice_rami84@outlook.com;2498691694;3530
73;Jaylen;Villa;wova_fopinu43@yahoo.com;5317751577;3530
74;Bryan;Lang;tunu-fubuma88@hotmail.com;9656316560;3530
75;Clara;Gentry;femeja-maru91@gmail.com;5789650266;3530
76;Teagan;Blevins;ped_edajowu73@hotmail.com;6035826291;3530
77;Tess;Frye;huzapav_ita43@yahoo.com;7685038800;3530
78;Emma;Gallagher;yugufoy_uni53@outlook.com;7743779250;3530
79;Paige;Velasquez;zuheve-coti1@mail.com;6879315990;3530
80;Matthias;Patton;dosura-lafa87@mail.com;4172083633;3530
81;Terry;Evans;zuli-jizawa40@hotmail.com;2465761126;3530
82;Genesis;Strong;jeg-uziyaro27@gmail.com;4299056865;3530
83;Cason;Sandoval;xesiti-rafe48@hotmail.com;8174515598;3530
84;Angeline;Schultz;kigoxo-tewa16@aol.com;2588674797;3530
85;Pierce;Hughes;niwa_xokazi83@hotmail.com;7754459621;3530
86;Brooklynn;Glenn;wegokap_ovafu64@outlook.com;4702612607;3530
87;Dayana;Reese;buji-rafawi44@mail.com;3654608767;3530
88;Arjun;Ponce;funufa_xite72@gmail.com;6118172443;3530
89;Darwin;Cross;zop-awozofi6@hotmail.com;6274656975;3530
90;Greta;Holden;puvorur_sozazu39@outlook.com;4162425222;3530
91;Juliet;Bowen;xovomo_harifo20@yahoo.com;9835076874;3530
92;Gunner;Combs;hevuput_lohi95@mail.com;5681554073;3530
93;Crosby;Montoya;bohoh_avahu18@yahoo.com;8769292041;3530
94;Alyson;Griffith;madunu_tizilo89@gmail.com;2839737798;3530
95;Mckenzie;Schroeder;gidisod_pefo92@hotmail.com;8199149445;3530
96;Karter;Rodgers;zomufew_yuwo9@mail.com;5805483317;3530
97;Adonis;Bray;haso_wuxago91@yahoo.com;9036774644;3530
98;Brock;Hahn;wekusi-tuvobi39@outlook.com;5976114548;3530
99;Joy;Lam;zehake_nepo43@gmail.com;8063762269;3530
100;Elliot;Shields;pepope_zezi77@aol.com;3256826891;3530
101;Heaven;York;magadej_beco27@hotmail.com;5033425961;3530
102;Jaycee;Washington;haje-xefu13@gmail.com;2529207881;3530
103;Quinten;Preston;tepefa-pivuku39@mail.com;5826409294;3530
104;Chandler;Waller;mekupu_xigo5@outlook.com;7155237792;3530
105;Isabella;Walls;jekojoz_nemuso50@gmail.com;2074732996;3530
106;Claire;Melton;leciy-ejuka9@aol.com;9153542265;3530
107;Kareem;Garrison;mes_ozogasu99@outlook.com;6997949084;3530
108;Kyler;Ferrell;leh-osucuko31@mail.com;2266909939;3530
119;Camryn;Carver;sayeru_vuru32@aol.com;3135307725;3530
110;Edith;Campbell;xikide_bebo26@yahoo.com;9924509590;3530
111;Reed;Glover;vigowe-jepe60@hotmail.com;3854671000;3530
112;Cailyn;Hobbs;vadot-apuwe65@mail.com;7109785329;3530
113;Jade;Mosley;bose_wituwu7@aol.com;8297933744;3530
114;Deandre;Daugherty;suru-wonocu12@outlook.com;3174116246;3530
115;Dallas;Pruitt;ram_efexopa73@yahoo.com;5624299561;3530
116;Makhi;Robertson;yohec-orevo83@aol.com;5894865145;3530